app,identical,similar,new,deleted,simiScore,changeManifest,qtBenignPermission,qtMaliciousPermission,hasRepetitionPermissionMalicious
app-981,26,7,0,0,0.7878787878787878,similar,12,12,False
app-1557,97,49,22,35,0.5773809523809523,similar,5,8,True
app-494,61,4,2,2,0.9104477611940298,identical,5,5,False
app-959,201,6,0,0,0.9710144927536232,similar,7,7,False
app-1798,64,25,64,36,0.512,similar,2,2,False
app-932,108,7,0,0,0.9391304347826087,similar,6,6,False
app-1459,2,8,8,66,0.1111111111111111,similar,21,22,False
app-1668,2,12,3,1,0.13333333333333333,similar,2,2,False
app-1537,48,27,5,3,0.6153846153846154,similar,10,10,False
app-464,175,9,0,0,0.9510869565217391,similar,8,8,False
app-1005,8,18,4,0,0.3076923076923077,similar,4,4,False
app-324,678,252,25,0,0.7290322580645161,similar,39,39,False
app-1742,4,42,54,64,0.04,similar,5,5,False
app-1044,82,32,295,94,0.3942307692307692,similar,2,2,False
app-1588,3,27,1,20,0.0967741935483871,similar,5,5,False
app-300,50,40,58,45,0.37037037037037035,similar,4,4,False
app-1621,350,26,1,1,0.9283819628647215,similar,7,7,False
app-805,41,21,7,213,0.5942028985507246,identical,2,2,False
app-856,3,26,17,9,0.07894736842105263,similar,9,5,False
app-1454,99,7,0,0,0.9339622641509434,similar,6,6,False
app-249,100,7,0,0,0.9345794392523364,similar,7,7,False
app-1039,195,7,0,0,0.9653465346534653,similar,6,6,False
app-1285,10,17,1,3,0.35714285714285715,similar,4,4,False
app-1549,5,7,0,0,0.4166666666666667,similar,8,8,False
app-677,82,42,2,2,0.6507936507936508,similar,8,8,False
app-648,25,17,85,47,0.2808988764044944,similar,4,4,False
app-1776,23,5,2,2,0.7666666666666667,similar,1,1,False
app-1334,10,12,30,240,0.19230769230769232,similar,2,2,False
app-681,66,36,105,10,0.5892857142857143,similar,1,1,False
app-473,77,29,0,0,0.7264150943396226,similar,12,12,True
app-48,1564,5,0,0,0.9968132568514978,similar,41,41,True
app-760,47,14,2,0,0.7704918032786885,similar,2,2,False
app-402,143,6,0,0,0.959731543624161,similar,2,2,False
app-1372,179,5,0,0,0.9728260869565217,similar,8,8,False
app-1277,34,12,1,0,0.7391304347826086,similar,2,2,False
app-1813,63,37,38,73,0.45652173913043476,similar,3,3,False
app-62,202,151,4,7,0.5658263305322129,similar,39,41,True
app-354,179,17,76,0,0.9132653061224489,similar,11,14,False
app-711,229,5,0,0,0.9786324786324786,similar,6,6,False
app-1469,925,20,0,0,0.9788359788359788,similar,6,13,True
app-1257,23,24,0,0,0.48936170212765956,similar,2,2,False
app-1770,69,46,26,14,0.5348837209302325,similar,8,8,False
app-1395,2,31,1,31,0.058823529411764705,similar,6,6,False
app-589,8,31,11,0,0.20512820512820512,similar,11,11,True
app-73,14,4,1,1,0.7368421052631579,identical,6,6,True
app-1267,112,6,2,2,0.9333333333333333,similar,12,12,False
app-1590,197,5,0,0,0.9752475247524752,similar,6,6,False
app-328,2,33,7,15,0.047619047619047616,similar,7,7,False
app-1041,277,84,136,41,0.6890547263681592,similar,6,6,False
app-1020,497,38,2,2,0.925512104283054,similar,10,16,True
app-1581,196,11,0,0,0.9468599033816425,similar,8,8,False
app-1378,136,34,111,21,0.7120418848167539,similar,2,3,False
app-286,28,5,0,0,0.8484848484848485,similar,12,12,False
app-659,46,7,0,0,0.8679245283018868,similar,6,6,False
app-881,292,8,1,1,0.9700996677740864,similar,3,3,False
app-320,32,15,0,0,0.6808510638297872,similar,2,2,False
app-275,75,15,33,132,0.6097560975609756,similar,6,6,False
app-1077,4,35,77,30,0.057971014492753624,similar,4,4,False
app-1594,17,21,51,53,0.19101123595505617,similar,13,12,False
app-793,1,19,210,224,0.004347826086956522,similar,8,8,False
app-920,268,10,0,0,0.9640287769784173,similar,6,6,False
app-336,539,167,12,283,0.7506963788300836,similar,12,17,True
app-1692,325,47,4,1,0.871313672922252,similar,7,7,False
app-295,72,33,8,117,0.6371681415929203,similar,2,2,False
app-34,46,10,2,0,0.8214285714285714,similar,1,7,False
app-1017,14,30,228,19,0.2222222222222222,similar,5,5,False
app-842,139,93,543,377,0.22824302134646962,similar,15,15,True
app-752,87,13,0,0,0.87,similar,3,3,False
app-1711,132,25,2,2,0.8301886792452831,similar,4,4,False
app-278,16,40,0,2,0.2857142857142857,similar,5,5,False
app-1575,11,21,309,49,0.13580246913580246,similar,7,5,False
app-1564,12,38,440,111,0.07453416149068323,similar,4,4,False
app-8,93,22,3,5,0.788135593220339,similar,4,10,True
app-399,14,7,3,12,0.5833333333333334,similar,2,2,False
app-1396,15,32,0,0,0.3191489361702128,similar,2,2,False
app-989,379,32,2,0,0.9221411192214112,similar,11,11,False
app-1472,545,107,87,83,0.7414965986394558,similar,7,7,False
app-1712,67,37,110,105,0.32057416267942584,similar,5,5,False
app-1188,3,10,2,2,0.2,similar,8,8,False
app-1500,27,24,0,1,0.5294117647058824,similar,2,2,False
app-1030,81,360,155,96,0.15083798882681565,similar,28,28,False
app-844,7,52,165,27,0.08139534883720931,similar,3,3,False
app-236,852,198,7,8,0.8060548722800378,similar,26,26,False
app-1419,136,5,1,2,0.9577464788732394,similar,20,20,True
app-1119,296,126,3,25,0.6964705882352941,similar,10,11,False
app-1709,27,7,0,4,0.7941176470588235,similar,3,3,False
app-3,271,22,7,0,0.9249146757679181,similar,2,13,True
app-1816,10,24,52,2,0.2777777777777778,similar,9,9,False
app-363,764,10,0,0,0.9870801033591732,similar,12,12,True
app-1733,4,19,32,19,0.09523809523809523,similar,3,3,False
app-1158,412,47,3,10,0.8917748917748918,similar,8,14,True
app-1152,6,6,0,0,0.5,similar,8,8,False
app-1386,119,196,0,21,0.37777777777777777,similar,3,3,False
app-908,70,81,0,26,0.46357615894039733,similar,10,10,False
app-1311,81,14,0,0,0.8526315789473684,similar,3,3,False
app-197,46,11,1,1,0.7931034482758621,similar,14,14,False
app-1164,46,7,9,2,0.8363636363636363,similar,9,9,False
app-624,350,6,2,2,0.9776536312849162,similar,11,11,True
app-1599,1,24,62,29,0.018518518518518517,similar,2,2,False
app-625,202,5,0,0,0.9758454106280193,similar,8,8,False
app-1458,57,5,0,0,0.9193548387096774,similar,9,9,False
app-91,322,39,30,25,0.8341968911917098,similar,12,12,False
app-745,32,23,2,1,0.5714285714285714,similar,3,3,False
app-971,11,12,9,1,0.4583333333333333,similar,3,3,False
app-884,2,28,56,94,0.023255813953488372,similar,3,3,False
app-1875,67,7,0,0,0.9054054054054054,similar,1,1,False
app-272,0,11,1298,72,0.0,similar,16,16,False
app-346,151,152,2,2,0.49508196721311476,similar,14,14,False
app-814,71,43,2,222,0.6120689655172413,similar,10,10,True
app-561,95,3,2,2,0.95,similar,9,9,False
app-84,25,19,14,2,0.5434782608695652,similar,1,15,False
app-60,23,5,2,2,0.7666666666666667,similar,1,1,False
app-839,0,24,2,3,0.0,similar,1,1,False
app-1574,207,7,0,0,0.9672897196261683,similar,0,0,False
app-1115,16,23,19,1,0.4,similar,9,8,False
app-253,2,54,84,59,0.017391304347826087,similar,4,4,False
app-11,25,17,3,0,0.5952380952380952,similar,5,2,False
app-858,5,28,19,350,0.09615384615384616,similar,1,1,False
app-1738,196,6,0,0,0.9702970297029703,similar,16,16,True
app-466,353,13,1,0,0.9644808743169399,similar,10,10,False
app-81,313,111,1,0,0.7382075471698113,similar,4,4,False
app-1839,15,32,0,0,0.3191489361702128,similar,2,2,False
app-586,12,33,2,6,0.2553191489361702,similar,5,5,False
app-288,28,5,0,0,0.8484848484848485,similar,12,12,False
app-822,37,6,3,3,0.8043478260869565,similar,4,4,False
app-242,44,50,70,351,0.2682926829268293,similar,4,5,False
app-102,39,14,0,5,0.7358490566037735,similar,5,5,False
app-1140,69,83,4,6,0.4423076923076923,similar,7,7,False
app-80,409,19,10,0,0.955607476635514,similar,2,13,True
app-315,11,38,57,16,0.16923076923076924,similar,2,2,False
app-1457,5,25,229,6,0.1388888888888889,similar,4,4,False
app-430,20,13,2,0,0.6060606060606061,similar,6,6,False
app-1066,1080,5,0,0,0.9953917050691244,similar,7,7,False
app-486,111,7,0,0,0.940677966101695,similar,6,6,False
app-456,0,14,68,38,0.0,similar,2,2,False
app-1105,0,8,25,2,0.0,similar,2,2,False
app-273,4,13,121,66,0.04819277108433735,similar,16,16,False
app-983,18,28,1,1,0.3829787234042553,similar,4,4,False
app-477,362,124,3,35,0.7402862985685071,similar,10,10,False
app-1365,7,33,106,17,0.12280701754385964,similar,6,6,False
app-1284,476,46,19,10,0.8947368421052632,similar,10,10,False
app-357,37,33,35,23,0.3978494623655914,similar,3,3,False
app-1789,1324,5,3,0,0.9962377727614747,similar,18,33,True
app-710,2,10,15,9,0.09523809523809523,similar,2,2,False
app-543,32,15,0,0,0.6808510638297872,similar,2,2,False
app-283,57,17,0,15,0.7702702702702703,similar,2,2,False
app-68,6,11,0,0,0.35294117647058826,similar,2,2,True
app-750,592,8,0,0,0.9866666666666667,similar,9,9,False
app-279,34,12,0,0,0.7391304347826086,similar,2,3,False
app-450,42,11,0,0,0.7924528301886793,similar,6,6,False
app-63,39,1,0,0,0.975,identical,4,4,False
app-1805,202,151,4,7,0.5658263305322129,similar,39,41,True
app-1530,23,61,0,0,0.27380952380952384,similar,5,5,False
app-271,3,9,14,71,0.11538461538461539,similar,16,16,False
app-1367,927,225,3,6,0.8025974025974026,identical,19,19,False
app-6,262,3,2,4,0.9812734082397003,identical,5,5,False
app-569,5,11,43,81,0.0847457627118644,similar,5,5,False
app-1485,162,10,0,0,0.9418604651162791,similar,7,7,False
app-1781,28,5,0,0,0.8484848484848485,similar,12,12,False
app-1295,44,19,3,6,0.6666666666666666,similar,3,3,False
app-245,4,14,53,62,0.056338028169014086,similar,6,6,False
app-1275,6,17,504,370,0.015267175572519083,similar,3,3,False
app-733,144,7,1,1,0.9473684210526315,similar,3,3,False
app-826,254,17,109,591,0.6684210526315789,similar,16,16,False
app-931,184,52,17,0,0.7796610169491526,similar,10,10,False
app-1222,4,33,61,171,0.04081632653061224,similar,3,3,False
app-576,44,27,14,9,0.55,similar,11,10,False
app-820,134,7,0,0,0.950354609929078,similar,11,11,False
app-546,192,7,0,0,0.964824120603015,similar,8,8,False
app-51,33,8,5,14,0.717391304347826,similar,4,13,True
app-277,221,5,1,2,0.973568281938326,similar,13,13,True
app-316,2,11,4,83,0.11764705882352941,similar,2,2,False
app-581,7,11,0,0,0.3888888888888889,similar,4,4,False
app-756,181,2,2,2,0.9783783783783784,identical,3,3,False
app-641,150,30,1,0,0.8333333333333334,similar,6,6,False
app-1388,142,11,4,2,0.9161290322580645,similar,7,8,False
app-634,75,7,15,15,0.7731958762886598,similar,5,5,False
app-990,2,36,1,30,0.05128205128205128,similar,2,2,False
app-1561,39,6,0,0,0.8666666666666667,similar,3,3,False
app-1841,9,17,44,12,0.23684210526315788,similar,5,5,False
app-291,77,21,23,12,0.7,similar,3,3,False
app-1413,417,62,55,42,0.800383877159309,similar,2,2,False
app-1078,100,5,3,2,0.9345794392523364,similar,0,0,False
app-410,4,77,333,40,0.03305785123966942,similar,4,4,False
app-716,61,66,25,21,0.41216216216216217,similar,2,2,False
app-335,0,35,294,22,0.0,similar,8,4,False
app-329,10,6,6,2,0.5555555555555556,similar,6,6,False
app-1,1756,48,0,0,0.9733924611973392,similar,2,11,True
app-956,63,22,0,0,0.7411764705882353,similar,3,3,False
app-1008,5,43,38,102,0.05813953488372093,similar,2,2,False
app-26,135,34,25,2,0.7894736842105263,similar,4,12,True
app-1862,12,6,0,0,0.6666666666666666,similar,9,9,False
app-923,118,5,2,2,0.944,similar,8,8,False
app-1720,75,35,1,7,0.6756756756756757,similar,4,4,False
app-33,109,4,12,4,0.9316239316239316,similar,3,11,True
app-781,1,10,0,0,0.09090909090909091,similar,2,2,False
app-605,431,146,4,3,0.743103448275862,similar,9,10,False
app-247,100,7,0,0,0.9345794392523364,similar,7,7,False
app-874,3,17,1457,2,0.13636363636363635,similar,1,1,False
app-1431,13,10,2,201,0.52,similar,9,9,False
app-1666,347,6,7,6,0.9665738161559888,similar,13,13,False
app-928,110,5,0,0,0.9565217391304348,similar,6,6,False
app-98,41,8,25,7,0.7321428571428571,similar,2,16,True
app-297,74,22,139,126,0.3333333333333333,similar,2,2,False
app-1150,533,6,0,0,0.9888682745825603,similar,8,8,False
app-1750,8,27,136,14,0.16326530612244897,similar,8,12,True
app-827,304,118,4,8,0.7136150234741784,similar,4,4,False
app-723,247,104,2,1,0.7017045454545454,similar,23,23,True
app-1583,62,100,157,55,0.2857142857142857,similar,13,11,False
app-1690,73,6,2,2,0.9012345679012346,similar,8,8,False
app-1021,8,5,0,0,0.6153846153846154,similar,5,5,False
app-526,180,5,0,0,0.972972972972973,similar,13,13,False
app-879,139,242,61,42,0.32860520094562645,similar,4,4,False
app-1297,268,70,245,293,0.45969125214408235,similar,4,4,False
app-1534,17,7,0,0,0.7083333333333334,similar,3,3,False
app-712,364,21,0,5,0.9454545454545454,similar,3,3,False
app-639,57,85,202,58,0.285,similar,2,3,False
app-471,5,13,1,1,0.2631578947368421,similar,2,2,False
app-10,43,5,0,0,0.8958333333333334,similar,5,5,False
app-1670,85,29,111,965,0.37777777777777777,similar,18,20,True
app-1437,299,9,0,0,0.9707792207792207,similar,44,44,True
app-1728,48,42,0,9,0.5333333333333333,similar,10,10,False
app-481,5,22,2,4,0.1724137931034483,similar,8,7,True
app-866,37,35,0,2,0.5138888888888888,similar,8,8,False
app-1702,273,10,0,0,0.9646643109540636,similar,4,4,False
app-667,2,18,30,46,0.04,similar,16,16,False
app-834,940,197,7,0,0.8267370272647317,similar,27,27,False
app-1840,9,17,44,12,0.23684210526315788,similar,5,5,False
app-1809,195,7,0,0,0.9653465346534653,similar,6,6,False
app-1439,240,16,1,1,0.933852140077821,similar,4,4,False
app-1857,54,11,0,0,0.8307692307692308,similar,7,7,False
app-525,44,6,1,2,0.8627450980392157,similar,12,12,False
app-1632,337,100,4,25,0.764172335600907,similar,7,7,False
app-873,39,9,0,0,0.8125,similar,10,10,False
app-669,297,5,0,0,0.9834437086092715,similar,8,8,False
app-1123,145,47,23,0,0.7552083333333334,similar,4,5,False
app-991,21,11,0,0,0.65625,identical,4,4,False
app-383,100,13,634,828,0.13386880856760375,similar,2,2,False
app-1562,12,15,51,12,0.3076923076923077,similar,4,4,False
app-1811,156,5,0,0,0.968944099378882,similar,11,11,False
app-1382,6,11,27,14,0.1935483870967742,similar,4,2,False
app-969,86,16,19,48,0.7107438016528925,similar,5,5,False
app-1576,31,12,0,0,0.7209302325581395,similar,8,8,False
app-1566,345,42,83,62,0.7683741648106904,similar,5,5,False
app-1845,32,49,0,5,0.3950617283950617,similar,12,12,True
app-1376,5,14,47,3,0.22727272727272727,similar,6,6,False
app-1308,2465,230,8,76,0.9119496855345912,similar,7,7,False
app-1672,62,17,1,13,0.775,similar,4,3,False
app-1097,24,6,0,0,0.8,similar,6,6,False
app-389,65,812,333,538,0.05371900826446281,similar,13,13,True
app-461,12,108,24,0,0.1,similar,3,3,False
app-952,3,28,73,0,0.0967741935483871,similar,3,3,False
app-1195,716,969,105,444,0.4,similar,16,16,False
app-761,200,5,1,2,0.970873786407767,similar,8,8,False
app-913,83,23,1,57,0.7757009345794392,similar,4,4,False
app-70,174,9,2,2,0.9405405405405406,identical,2,2,False
app-709,154,5,2,2,0.9565217391304348,similar,11,11,False
app-1786,282,81,4,3,0.7704918032786885,similar,10,10,False
app-1296,10,14,136,50,0.13513513513513514,similar,2,2,False
app-432,85,6,1,0,0.9340659340659341,similar,21,21,True
app-1126,4,19,9,12,0.125,similar,8,8,False
app-27,89,24,0,0,0.7876106194690266,similar,1,3,False
app-830,246,5,2,2,0.9723320158102767,similar,11,11,False
app-833,21,37,0,0,0.3620689655172414,similar,7,7,False
app-1321,0,9,5,6,0.0,similar,4,4,False
app-859,22,7,3,0,0.7586206896551724,similar,3,4,False
app-194,46,11,1,1,0.7931034482758621,similar,14,14,False
app-1106,473,7,0,0,0.9854166666666667,similar,19,19,False
app-437,197,5,1,2,0.9704433497536946,similar,7,7,False
app-628,252,8,0,0,0.9692307692307692,similar,5,5,False
app-966,832,6,0,0,0.9928400954653938,similar,6,6,False
app-493,454,13,1,0,0.9721627408993576,similar,4,4,False
app-855,2,39,43,354,0.023809523809523808,similar,3,3,False
app-361,16,8,0,37,0.6666666666666666,similar,16,16,False
app-664,246,5,2,2,0.9723320158102767,similar,11,11,False
app-54,54,10,3,5,0.8059701492537313,similar,2,10,True
app-1280,40,19,5,0,0.6779661016949152,similar,3,3,False
app-1691,2,12,817,4,0.1111111111111111,similar,0,0,False
app-770,7,28,7,36,0.16666666666666666,similar,3,3,False
app-327,3,29,2,1,0.09090909090909091,similar,7,7,False
app-1276,9,26,52,35,0.12857142857142856,similar,5,5,False
app-285,28,5,0,0,0.8484848484848485,similar,12,12,False
app-829,381,44,86,6,0.8839907192575406,similar,11,11,False
app-321,422,82,9,1,0.8356435643564356,similar,18,20,True
app-1772,3,55,84,123,0.02112676056338028,similar,4,4,False
app-1120,48,5,0,0,0.9056603773584906,similar,6,6,False
app-1124,10,8,0,4,0.5555555555555556,similar,2,2,False
app-1823,6,20,548,1,0.2222222222222222,similar,1,1,False
app-748,528,11,12,120,0.9582577132486388,similar,8,8,False
app-439,2,19,770,34,0.03636363636363636,similar,2,2,False
app-762,22,25,0,0,0.46808510638297873,similar,2,2,False
app-426,11,8,0,0,0.5789473684210527,similar,2,2,False
app-837,52,43,12,1,0.5416666666666666,similar,6,7,False
app-1606,9,27,76,93,0.08035714285714286,similar,3,3,False
app-1181,37,6,1,0,0.8604651162790697,similar,23,23,True
app-470,11,39,1,11,0.21568627450980393,similar,3,3,False
app-58,107,7,12,4,0.9067796610169492,similar,2,10,True
app-1174,2,49,75,33,0.023809523809523808,similar,3,3,False
app-23,23,22,0,0,0.5111111111111111,similar,3,8,False
app-195,46,11,1,1,0.7931034482758621,similar,14,14,False
app-919,462,5,1,2,0.9871794871794872,similar,19,19,False
app-1421,689,5,0,0,0.9927953890489913,similar,31,31,True
app-1292,51,40,110,349,0.2537313432835821,similar,4,3,False
app-520,10,13,1258,2,0.4,similar,5,5,False
app-1676,4,52,21,29,0.05194805194805195,similar,9,9,False
app-96,13,7,2,2,0.5909090909090909,similar,1,1,False
app-1417,206,16,0,0,0.9279279279279279,similar,3,3,False
app-1287,242,11,0,0,0.9565217391304348,similar,11,11,False
app-854,771,91,0,3,0.894431554524362,similar,33,33,True
app-196,46,11,1,1,0.7931034482758621,similar,14,14,False
app-298,72,32,8,118,0.6428571428571429,similar,2,2,False
app-992,245,6,2,2,0.9683794466403162,similar,11,11,False
app-1744,74,26,14,86,0.6491228070175439,similar,2,2,False
app-880,109,63,69,1,0.630057803468208,similar,6,6,False
app-1190,204,30,32,36,0.7669172932330827,similar,6,6,False
app-21,287,33,38,2,0.8913043478260869,similar,3,14,True
app-1630,13,20,116,71,0.125,similar,2,2,False
app-478,436,189,21,50,0.6749226006191951,similar,4,4,False
app-5,134,3,2,2,0.9640287769784173,identical,3,3,False
app-431,331,18,1,0,0.9484240687679083,similar,5,5,False
app-4,55,7,0,0,0.8870967741935484,similar,4,4,False
app-203,83,20,125,66,0.4911242603550296,similar,3,3,False
app-1492,14,10,0,0,0.5833333333333334,similar,4,4,False
app-1361,977,10,152,7,0.9828973843058351,similar,8,9,False
app-1234,14,31,40,12,0.24561403508771928,similar,9,9,False
app-658,75,6,0,0,0.9259259259259259,similar,8,8,False
app-1274,65,43,78,61,0.38461538461538464,similar,2,3,False
app-1837,7,26,14,31,0.14893617021276595,similar,6,6,False
app-1319,32,117,10,20,0.20125786163522014,similar,2,2,False
app-1847,206,101,72,25,0.6204819277108434,similar,3,3,False
app-510,18,7,0,0,0.72,similar,8,8,False
app-390,105,27,0,1,0.7954545454545454,similar,16,16,False
app-304,69,23,202,156,0.2782258064516129,similar,9,10,False
app-1769,4,8,49,1,0.3076923076923077,similar,4,4,False
app-55,608,41,2,1,0.9353846153846154,similar,4,12,True
app-69,950,5,2,0,0.9947643979057592,similar,6,15,False
app-1302,33,14,1,2,0.6875,similar,14,14,False
app-737,4,184,1,0,0.02127659574468085,similar,0,6,False
app-412,108,5,1,2,0.9473684210526315,similar,7,7,False
app-29,193,74,14,2,0.7174721189591078,similar,4,18,True
app-1740,50,10,1,1,0.819672131147541,similar,3,3,False
app-1604,24,6,25,20,0.48,similar,5,5,False
app-322,5,23,0,0,0.17857142857142858,similar,2,2,False
app-289,27,6,0,0,0.8181818181818182,similar,12,12,False
app-476,85,17,106,286,0.40865384615384615,similar,10,13,True
app-1259,23,24,0,0,0.48936170212765956,similar,2,2,False
app-1787,475,5,0,0,0.9895833333333334,similar,19,19,False
app-828,2,9,3,1,0.16666666666666666,similar,2,2,False
app-573,78,5,2,2,0.9176470588235294,similar,3,3,False
app-1103,163,5,0,0,0.9702380952380952,similar,13,13,False
app-831,220,13,0,0,0.944206008583691,similar,23,23,True
app-871,143,38,11,6,0.7647058823529411,similar,7,8,True
app-1427,60,19,4,4,0.7228915662650602,similar,3,3,False
app-1256,42,7,0,0,0.8571428571428571,similar,6,6,False
app-1652,6,13,0,0,0.3157894736842105,similar,2,2,False
app-838,7,5,0,0,0.5833333333333334,similar,8,8,False
app-580,48,84,26,17,0.3221476510067114,similar,4,4,False
app-812,285,35,22,18,0.8431952662721893,similar,4,4,False
app-15,13,4,0,0,0.7647058823529411,similar,7,7,False
app-940,162,10,0,0,0.9418604651162791,similar,7,7,False
app-777,26,7,0,0,0.7878787878787878,similar,12,12,False
app-937,82,26,0,0,0.7592592592592593,similar,8,8,False
app-82,283,5,25,2,0.9758620689655172,similar,3,17,True
app-1694,80,11,127,1,0.8695652173913043,similar,3,2,False
app-715,195,227,205,28,0.43333333333333335,similar,13,13,False
app-1304,35,23,250,172,0.15217391304347827,similar,8,8,False
app-1475,169,13,2,2,0.9184782608695652,similar,3,3,False
app-1428,254,5,0,0,0.9806949806949807,similar,7,7,False
app-1424,32,15,0,0,0.6808510638297872,similar,2,2,False
app-396,359,67,3,1,0.8407494145199064,similar,4,5,True
app-87,8,9,21,0,0.47058823529411764,similar,5,14,True
app-1518,102,10,0,0,0.9107142857142857,similar,17,17,False
app-583,462,5,0,0,0.9892933618843683,similar,8,8,False
app-22,33,2,2,2,0.8918918918918919,identical,6,6,False
app-1829,2,28,5,10,0.05714285714285714,similar,7,7,False
app-1546,11,14,20,50,0.24444444444444444,similar,5,5,False
app-280,0,16,3,4,0.0,similar,3,3,False
app-1858,132,68,3,0,0.66,similar,20,20,False
app-670,48,5,0,0,0.9056603773584906,similar,6,6,False
app-985,4,28,2,31,0.11764705882352941,similar,3,3,False
app-721,25,15,0,0,0.625,similar,13,13,True
app-334,82,28,103,34,0.5694444444444444,similar,5,5,False
app-1049,0,34,93,181,0.0,similar,5,6,False
app-1118,9,23,300,5,0.24324324324324326,similar,2,2,False
app-1085,99,7,1,0,0.9339622641509434,similar,25,27,True
app-243,44,52,181,349,0.1588447653429603,similar,4,4,False
app-1587,234,6,0,0,0.975,similar,7,7,False
app-282,40,37,0,1,0.5194805194805194,similar,4,4,False
app-340,270,76,0,0,0.7803468208092486,similar,3,6,False
app-1870,331,117,0,2,0.7388392857142857,similar,8,8,False
app-1425,292,8,0,0,0.9733333333333334,similar,13,13,False
app-970,166,5,19,0,0.9707602339181286,similar,19,19,False
app-541,171,9,3,2,0.9395604395604396,similar,26,26,False
app-1162,20,14,0,0,0.5882352941176471,similar,15,15,True
app-1019,822,9,0,0,0.9891696750902527,similar,10,10,False
app-293,72,34,7,116,0.6371681415929203,similar,2,2,False
app-897,132,11,8,14,0.8741721854304636,similar,3,3,False
app-71,62,8,3,2,0.8611111111111112,similar,2,11,True
app-1806,38,7,20,18,0.6031746031746031,similar,12,12,False
app-264,10,27,10,107,0.2127659574468085,similar,4,4,False
app-1804,311,8,1,0,0.9749216300940439,similar,24,24,True
app-998,14,7,1,6,0.6363636363636364,similar,2,2,False
app-893,118,7,0,0,0.944,similar,8,8,False
app-83,92,5,14,2,0.9292929292929293,similar,0,11,False
app-338,145,81,46,214,0.5330882352941176,similar,10,10,False
app-30,40,5,14,2,0.851063829787234,similar,5,15,True
app-52,352,10,4,1,0.9696969696969697,similar,8,16,True
app-1232,77,11,0,0,0.875,identical,6,6,False
app-1213,7,11,28,75,0.15217391304347827,similar,11,11,True
app-222,843,11,0,0,0.9871194379391101,similar,3,3,False
app-1656,131,5,1,2,0.9562043795620438,similar,8,8,True
app-1303,44,9,0,0,0.8301886792452831,similar,6,6,False
app-877,25,75,0,0,0.25,similar,2,2,False
app-1135,198,9,0,0,0.9565217391304348,similar,8,8,False
app-1852,0,25,24,20,0.0,similar,2,2,False
app-1584,354,12,0,1,0.9672131147540983,similar,4,4,False
app-1734,17,12,2,5,0.5483870967741935,similar,6,6,False
app-46,21,14,0,1,0.6,similar,3,3,False
app-57,153,7,23,5,0.9272727272727272,similar,2,16,True
app-1636,657,4,0,0,0.9939485627836612,identical,29,29,False
app-1749,149,9,1,0,0.9430379746835443,similar,13,12,False
app-254,169,111,29,0,0.6035714285714285,similar,5,4,False
app-1254,35,24,10,0,0.5932203389830508,similar,3,3,False
app-943,3,25,19,1,0.10344827586206896,similar,2,2,False
app-1082,13,10,2,201,0.52,similar,9,9,False
app-235,30,19,7,4,0.5660377358490566,similar,2,2,False
app-1048,18,22,1,7,0.43902439024390244,similar,4,4,False
app-252,100,7,0,0,0.9345794392523364,similar,7,7,False
app-852,74,5,4,2,0.9135802469135802,similar,11,17,True
app-1704,88,11,0,0,0.8888888888888888,similar,9,9,False
app-606,130,43,737,1087,0.14285714285714285,similar,9,9,False
app-953,15,32,0,0,0.3191489361702128,similar,2,2,False
app-1570,34,3,2,2,0.8717948717948718,identical,6,6,False
app-1394,75,7,11,11,0.8064516129032258,similar,5,5,False
app-1076,136,5,1,2,0.9577464788732394,similar,20,20,True
app-523,15,32,0,0,0.3191489361702128,similar,2,2,False
app-356,11,12,29,47,0.21153846153846154,similar,4,3,False
app-1387,34,24,5,3,0.5573770491803278,similar,3,3,False
app-1125,3,15,4,1,0.15789473684210525,similar,12,13,False
app-309,81,34,13,41,0.6328125,similar,4,4,False
app-42,18,36,7,29,0.29508196721311475,similar,2,5,False
app-387,162,10,0,0,0.9418604651162791,similar,7,7,False
app-553,9,30,64,67,0.08737864077669903,similar,3,3,False
app-270,0,11,1295,72,0.0,similar,16,16,False
app-662,13,34,17,66,0.203125,similar,3,3,False
app-889,42,22,11,2,0.6363636363636364,similar,5,5,False
app-59,82,5,3,2,0.9213483146067416,similar,4,10,True
app-488,8,25,7,36,0.2,similar,8,8,False
app-575,7,18,9,13,0.20588235294117646,similar,3,3,False
app-1069,197,5,0,0,0.9752475247524752,similar,6,6,False
app-872,534,11,12,12,0.9587073608617595,similar,10,10,False
app-1522,766,162,34,20,0.8080168776371308,similar,24,23,True
app-593,246,5,2,2,0.9723320158102767,similar,11,11,False
app-1753,4,36,43,43,0.04819277108433735,similar,3,3,False
app-1503,54,8,2,2,0.84375,similar,12,12,False
app-1241,80,26,5,658,0.7207207207207207,similar,3,3,False
app-47,203,5,0,0,0.9759615384615384,similar,7,12,False
app-404,537,6,2,2,0.9853211009174312,similar,0,1,False
app-1422,18,5,3,3,0.6923076923076923,similar,3,3,False
app-1613,11,13,2,5,0.4230769230769231,similar,4,4,False
app-960,38,11,5,1,0.76,similar,4,4,False
app-1002,122,5,0,0,0.9606299212598425,similar,6,6,False
app-729,15,32,0,0,0.3191489361702128,similar,2,2,False
app-1095,73,15,0,1,0.8295454545454546,similar,4,4,False
app-276,221,5,2,2,0.9692982456140351,similar,13,13,True
app-442,248,5,0,0,0.9802371541501976,similar,11,11,False
app-101,113,35,5,128,0.738562091503268,similar,10,18,True
app-251,100,7,0,0,0.9345794392523364,similar,7,7,False
app-246,128,19,4,2,0.8590604026845637,similar,55,55,True
app-239,2,21,2,1,0.08333333333333333,similar,7,7,False
app-1385,473,5,2,2,0.9854166666666667,similar,19,19,False
app-13,441,10,2,0,0.9778270509977827,similar,2,7,False
app-602,162,5,4,2,0.9585798816568047,similar,6,6,False
app-1693,38,10,0,0,0.7916666666666666,similar,10,10,False
app-809,24,9,6,2,0.6857142857142857,similar,2,2,False
app-53,128,13,0,1,0.9078014184397163,similar,7,15,True
app-1548,2,11,120,1424,0.015037593984962405,similar,17,17,True
app-1090,56,17,6,28,0.7088607594936709,similar,3,3,False
app-1370,3,73,5,1,0.03896103896103896,similar,9,8,False
app-582,132,5,0,0,0.9635036496350365,similar,45,45,True
app-644,71,82,1,19,0.461038961038961,similar,8,8,False
app-1835,4,17,165,1,0.18181818181818182,similar,11,11,False
app-1034,50,39,92,678,0.27624309392265195,similar,1,1,False
app-287,28,5,0,0,0.8484848484848485,similar,12,12,False
app-1031,351,5,1,2,0.9831932773109243,similar,11,11,True
app-1091,14,26,91,149,0.10687022900763359,similar,2,3,True
app-1153,49,25,1,2,0.6533333333333333,similar,2,2,False
app-1438,530,6,0,0,0.9888059701492538,similar,11,12,False
app-1252,275,4,2,2,0.9786476868327402,similar,29,29,False
app-1225,542,126,38,26,0.7809798270893372,similar,8,8,False
app-37,63,34,2,5,0.6363636363636364,similar,6,6,False
app-1487,718,59,0,0,0.924066924066924,similar,8,8,False
app-19,254,19,32,2,0.9236363636363636,similar,2,11,False
app-1227,46,7,0,0,0.8679245283018868,similar,6,6,False
app-50,210,68,4,0,0.7553956834532374,similar,5,11,False
app-823,109,39,590,425,0.19022687609075042,similar,4,4,False
app-813,34,14,1,0,0.7083333333333334,similar,5,5,False
app-1389,105,80,0,0,0.5675675675675675,similar,10,10,False
app-86,14,6,0,0,0.7,similar,7,7,False
app-382,24,6,23,23,0.4528301886792453,similar,5,5,False
app-743,189,45,52,49,0.6678445229681979,similar,9,9,False
app-1614,46,7,0,0,0.8679245283018868,similar,6,6,False
app-1235,404,26,3,0,0.9395348837209302,similar,17,17,False
app-429,3,63,77,51,0.02564102564102564,similar,3,3,False
app-1669,1,9,0,0,0.1,similar,1,1,False
app-1084,6,47,6,2,0.10909090909090909,similar,6,6,False
app-2,572,103,0,1,0.8474074074074074,similar,13,13,True
app-1434,240,57,8,34,0.7868852459016393,similar,4,4,False
app-739,33,2,2,2,0.8918918918918919,identical,6,6,False
app-480,118,7,0,0,0.944,similar,8,8,False
app-1732,33,10,0,0,0.7674418604651163,similar,8,8,False
app-1247,81,11,0,0,0.8804347826086957,similar,15,15,True
app-511,1691,254,3,2,0.8685156651258347,similar,17,17,False
app-1803,150,34,48,15,0.7537688442211056,similar,2,2,False
app-455,5,56,0,2,0.08196721311475409,similar,5,5,False
app-1240,73,34,156,2,0.6697247706422018,similar,3,3,False
app-1715,697,10,0,1,0.9858557284299858,similar,23,23,False
app-1272,109,5,0,1,0.956140350877193,similar,4,4,False
app-1328,115,24,0,0,0.8273381294964028,similar,3,3,False
app-61,4,13,230,121,0.028985507246376812,similar,17,20,True
app-949,462,5,2,2,0.9850746268656716,similar,19,19,False
app-1463,14,24,47,24,0.22580645161290322,similar,6,5,False
app-384,191,8,0,0,0.9597989949748744,similar,8,8,False
app-1294,314,5,1,2,0.98125,similar,6,6,False
app-1344,4,8,2,2,0.2857142857142857,similar,3,3,False
app-18,101,15,22,2,0.8559322033898306,similar,2,8,False
app-217,664,48,2,2,0.9299719887955182,similar,2,3,False
app-1196,258,88,2,160,0.7413793103448276,similar,10,10,False
app-683,229,5,0,0,0.9786324786324786,similar,6,6,False
app-75,31,18,2,0,0.6326530612244898,similar,13,13,False
app-1699,154,5,2,2,0.9565217391304348,similar,11,11,False
app-45,8,5,2,2,0.5333333333333333,similar,3,6,False
app-551,1143,639,0,6,0.6414141414141414,similar,23,32,True
app-362,146,10,1,0,0.9358974358974359,similar,19,19,False
app-1402,15,14,2,0,0.5172413793103449,similar,6,6,True
app-1087,23,7,0,0,0.7666666666666667,similar,6,6,False
app-965,100,11,0,2,0.9009009009009009,similar,3,3,False
app-1602,48,30,1,5,0.6075949367088608,similar,5,6,False
app-1404,88,19,0,0,0.822429906542056,similar,4,4,False
app-1743,215,47,2,2,0.8143939393939394,similar,4,4,False
app-577,60,10,53,141,0.4878048780487805,similar,4,4,False
app-326,445,103,35,105,0.7632933104631218,similar,5,5,False
app-1671,621,12,2,2,0.9779527559055118,similar,5,5,False
app-618,6,8,0,0,0.42857142857142855,similar,1,1,False
app-92,19,19,107,1,0.48717948717948717,similar,6,14,False
app-9,213,4,7,12,0.9508928571428571,similar,9,21,True
app-1653,70,8,2,1,0.8860759493670886,similar,3,3,False
app-954,82,8,0,0,0.9111111111111111,similar,15,15,True
app-1175,5,23,2,2,0.16666666666666666,similar,11,11,False
app-248,98,9,0,0,0.9158878504672897,similar,7,7,False
app-368,540,5,2,2,0.9872029250457038,similar,18,18,True
app-1282,1971,17,2,145,0.9904522613065326,similar,17,17,False
app-791,3,25,60,55,0.03614457831325301,similar,3,3,False
app-964,3,11,11,11,0.12,similar,2,2,False
app-802,50,11,10,150,0.704225352112676,similar,4,4,False
app-1192,412,7,0,0,0.9832935560859188,similar,3,3,False
app-1827,42,10,0,11,0.8076923076923077,similar,5,5,False
app-1706,72,39,41,95,0.47368421052631576,similar,2,2,False
app-653,161,7,0,0,0.9583333333333334,similar,13,13,False
app-929,14,16,47,7,0.3783783783783784,similar,3,3,False
app-790,4,73,2,0,0.05194805194805195,similar,2,2,False
app-1266,13,16,1,30,0.43333333333333335,similar,4,4,False
app-459,297,5,0,0,0.9834437086092715,similar,8,8,False
app-1872,45,16,3,0,0.7377049180327869,similar,2,2,False
app-1159,468,19,13,1,0.9590163934426229,similar,10,10,False
app-1815,164,5,1,2,0.9647058823529412,similar,6,6,False
app-1176,5,10,0,0,0.3333333333333333,similar,5,5,False
app-1218,20,13,46,49,0.25316455696202533,similar,2,2,False
app-1214,560,27,0,0,0.9540034071550255,similar,5,5,False
app-1861,64,30,5,71,0.6464646464646465,similar,2,2,False
app-359,75,287,159,82,0.16891891891891891,similar,3,3,False
app-445,12,32,93,554,0.08759124087591241,similar,9,7,True
app-496,464,5,0,0,0.9893390191897654,similar,19,19,False
app-1799,73,57,16,6,0.5367647058823529,similar,1,1,False
app-425,23,24,0,0,0.48936170212765956,similar,2,2,False
app-1314,101,65,5,13,0.5906432748538012,similar,11,11,False
app-193,46,11,1,1,0.7931034482758621,similar,14,14,False
app-682,227,6,0,0,0.9742489270386266,similar,13,13,False
app-44,441,8,3,5,0.9756637168141593,similar,11,16,True
app-1447,506,13,0,0,0.9749518304431599,similar,3,3,False
app-1490,14,35,33,12,0.22950819672131148,similar,2,3,False
app-296,79,55,112,88,0.35585585585585583,similar,2,2,False
app-1792,80,52,142,206,0.291970802919708,similar,3,3,False
app-1193,75,7,7,2,0.8928571428571429,similar,5,5,False
app-1710,31,34,319,484,0.08072916666666667,similar,2,2,False
app-1465,21,11,6,0,0.65625,similar,3,4,False
app-801,0,9,15,13,0.0,similar,18,18,False
app-14,202,4,6,4,0.9619047619047619,similar,13,20,True
app-769,2,24,44,0,0.07692307692307693,similar,3,3,False
app-1646,71,28,120,4,0.6893203883495146,similar,2,2,False
app-1571,148,129,7,0,0.5342960288808665,similar,10,10,False
app-1245,1,13,2,30,0.0625,similar,16,16,False
app-853,80,12,5,0,0.8695652173913043,identical,7,7,True
app-1059,43,19,4,1,0.6825396825396826,similar,1,1,False
app-645,33,14,1,6,0.6875,similar,5,5,False
app-20,14,9,5,12,0.5,similar,0,2,False
app-978,38,6,0,0,0.8636363636363636,similar,9,9,False
app-100,62,27,9,15,0.6326530612244898,similar,7,6,False
app-49,79,10,1,0,0.8876404494382022,similar,2,9,True
app-1270,15,32,0,0,0.3191489361702128,similar,2,2,False
app-620,53,42,7,8,0.5196078431372549,similar,6,6,False
app-1253,83,28,1,4,0.7410714285714286,similar,8,8,False
app-99,2095,2,2,2,0.9980943306336351,similar,9,9,False
app-1784,73,43,8,224,0.5887096774193549,similar,3,3,False
app-763,0,27,40,0,0.0,similar,6,6,False
app-554,23,24,0,0,0.48936170212765956,similar,2,2,False
app-1381,350,8,0,0,0.9776536312849162,similar,11,11,True
app-1623,6,9,5,6,0.3,similar,3,3,False
app-405,134,3,2,2,0.9640287769784173,identical,3,3,False
app-1527,19,20,671,261,0.06333333333333334,similar,9,9,False
app-1335,39,33,0,43,0.5416666666666666,similar,6,6,False
app-250,100,7,0,0,0.9345794392523364,similar,7,7,False
app-916,804,15,2,0,0.9816849816849816,similar,10,10,False
app-290,79,19,27,12,0.7181818181818181,similar,3,4,False
app-1556,6,10,0,0,0.375,similar,2,2,False
app-78,107,27,9,0,0.7985074626865671,similar,2,14,True
app-917,67,10,0,0,0.8701298701298701,similar,7,7,False
app-1864,89,13,0,0,0.8725490196078431,similar,3,3,False
app-957,230,6,0,0,0.9745762711864406,similar,15,15,False
app-749,33,30,10,28,0.4520547945205479,similar,7,7,False
app-460,15,27,87,174,0.11627906976744186,similar,5,5,False
app-944,125,138,8,151,0.4612546125461255,similar,4,4,False
app-594,7,22,4,3,0.21875,similar,7,7,False
app-1055,10,18,12,5,0.30303030303030304,similar,6,6,False
app-1101,6,6,0,0,0.5,similar,8,8,False
app-17,5,11,231,95,0.04504504504504504,similar,17,20,True
app-24,209,18,3,2,0.9126637554585153,similar,3,12,True
app-614,853,7,0,0,0.9918604651162791,similar,16,16,False
app-629,3,50,58,223,0.02702702702702703,similar,6,6,False
app-35,63,16,2,2,0.7777777777777778,similar,1,8,False
app-886,347,6,0,0,0.9830028328611898,similar,34,34,True
app-1501,7,5,0,0,0.5833333333333334,similar,8,8,False
app-930,20,21,0,0,0.4878048780487805,similar,6,6,False
app-65,26,4,0,0,0.8666666666666667,similar,6,6,False
app-1364,2,49,48,175,0.020202020202020204,similar,3,2,False
app-1312,191,27,1,14,0.8721461187214612,similar,4,4,False
app-244,49,43,13,3,0.5157894736842106,similar,3,3,False
app-31,30,11,0,0,0.7317073170731707,similar,5,5,False
app-43,55,6,3,0,0.9016393442622951,similar,5,3,False
app-1735,125,16,2,2,0.8741258741258742,similar,4,4,False
app-1633,136,63,0,5,0.6834170854271356,similar,7,7,False
app-76,202,10,21,3,0.9395348837209302,similar,5,11,False
app-1203,24,26,2,1,0.47058823529411764,similar,7,7,False
app-563,24,12,14,7,0.5581395348837209,similar,5,6,False
app-778,227,19,0,0,0.9227642276422764,similar,9,9,False
app-40,548,5,0,0,0.9909584086799277,similar,11,11,True
app-846,74,28,45,2,0.7115384615384616,similar,4,3,False
app-369,194,5,0,0,0.9748743718592965,similar,8,8,False
app-1446,224,6,0,0,0.9739130434782609,similar,23,23,True
app-1122,130,97,3,2,0.5676855895196506,similar,7,8,False
app-1180,12,39,73,120,0.0967741935483871,similar,7,7,False
app-1520,2,29,110,34,0.03076923076923077,similar,4,4,False
app-1011,531,8,0,0,0.9851576994434137,similar,8,8,False
app-843,3,49,283,9,0.04918032786885246,similar,7,8,False
app-333,1,13,219,87,0.009900990099009901,similar,16,16,False
app-79,126,7,0,0,0.9473684210526315,identical,5,5,False
app-95,55,5,2,2,0.8870967741935484,similar,3,12,True
app-933,398,4,2,2,0.9851485148514851,similar,8,20,True
app-882,188,10,2,59,0.94,similar,10,10,False
app-1243,24,8,7,4,0.6666666666666666,similar,4,5,False
app-1856,22,20,8,1,0.5116279069767442,similar,7,7,False
app-199,44,12,1,2,0.7719298245614035,similar,14,14,False
app-1163,14,10,0,0,0.5833333333333334,similar,4,4,False
app-474,104,6,2,2,0.9285714285714286,similar,17,17,False
app-66,382,50,2,4,0.880184331797235,similar,8,8,False
app-747,208,6,0,0,0.9719626168224299,similar,10,10,False
app-1310,200,5,2,2,0.966183574879227,similar,8,8,False
app-713,418,87,307,12,0.8085106382978723,similar,9,9,False
app-1859,4,33,27,91,0.0625,similar,6,6,False
app-995,3,37,95,59,0.030303030303030304,similar,6,7,True
app-1700,514,4,2,2,0.9884615384615385,similar,25,31,True
app-772,7,10,0,0,0.4117647058823529,similar,2,2,False
app-550,73,5,0,0,0.9358974358974359,similar,29,29,True
app-1128,1,11,0,0,0.08333333333333333,similar,7,7,False
app-1432,9,21,172,50,0.1125,similar,2,2,False
app-1677,527,64,23,4,0.8857142857142857,similar,17,17,True
app-509,176,184,270,402,0.27936507936507937,similar,18,19,False
app-204,84,33,173,52,0.4970414201183432,similar,3,3,False
app-627,352,6,0,0,0.9832402234636871,similar,11,11,True
app-1624,69,29,11,38,0.6330275229357798,similar,2,2,False
app-1383,55,7,0,0,0.8870967741935484,similar,9,9,False
app-722,141,6,0,0,0.9591836734693877,similar,26,26,True
app-1866,302,7,0,0,0.9773462783171522,similar,5,5,False
app-1521,3,21,27,3,0.1111111111111111,similar,6,6,False
app-1538,4,46,52,76,0.0392156862745098,similar,3,3,False
app-1814,461,6,2,2,0.9829424307036247,similar,19,19,False
app-616,73,26,5,9,0.7019230769230769,similar,2,2,False
app-90,402,44,4,0,0.9013452914798207,similar,5,12,True
app-1605,37,12,0,0,0.7551020408163265,similar,7,7,False
app-16,23,8,15,3,0.6764705882352942,similar,1,4,False
app-1785,75,7,13,13,0.7894736842105263,similar,5,5,False
app-1006,117,44,204,18,0.6536312849162011,similar,16,16,False
app-380,3,24,89,20,0.06382978723404255,similar,4,4,False
app-1758,53,5,43,22,0.6625,similar,17,17,True
app-462,9,34,3,37,0.1956521739130435,similar,3,3,False
app-867,19,14,21,3,0.5277777777777778,similar,5,5,False
app-1281,23,7,0,0,0.7666666666666667,similar,6,6,False
app-1701,8,18,5,3,0.27586206896551724,similar,3,3,False
app-292,48,13,11,0,0.7868852459016393,similar,6,6,False
app-1368,21,24,68,100,0.18584070796460178,similar,7,7,False
app-637,307,140,8,11,0.6747252747252748,similar,11,10,False
app-1430,163,5,0,0,0.9702380952380952,similar,13,13,False
app-1482,442,6,1,0,0.9866071428571429,similar,14,14,True
app-850,143,17,2,0,0.89375,similar,4,4,False
app-1456,13,35,51,19,0.19402985074626866,similar,4,4,False
app-753,6,3,2,2,0.5454545454545454,similar,1,1,False
app-1401,72,41,315,61,0.41379310344827586,similar,2,2,False
app-375,54,15,4,85,0.7397260273972602,similar,2,2,False
app-395,13,12,0,2,0.52,similar,3,2,False
app-284,529,108,45,51,0.7756598240469208,similar,13,13,True
app-1000,173,28,123,73,0.6313868613138686,similar,5,5,False
app-56,104,5,0,0,0.9541284403669725,similar,6,6,False
app-74,394,3,4,2,0.9874686716791979,similar,2,8,True
app-819,92,22,0,0,0.8070175438596491,similar,2,2,False
app-773,65,51,3,87,0.5462184873949579,similar,3,3,False
app-1663,22,25,0,0,0.46808510638297873,similar,2,2,False
app-339,5,31,51,33,0.07246376811594203,similar,7,7,False
app-1586,18,30,27,19,0.26865671641791045,similar,2,2,False
app-475,17,33,3,1,0.3333333333333333,similar,4,4,False
app-597,59,32,19,206,0.5363636363636364,similar,4,4,False
app-1479,202,11,0,0,0.9483568075117371,similar,2,2,False
app-1045,112,16,3,0,0.875,similar,5,5,False
app-1407,49,19,9,273,0.6363636363636364,similar,1,1,False
app-1512,74,6,0,0,0.925,similar,7,7,False
app-39,110,9,186,0,0.9243697478991597,similar,13,13,False
app-901,13,24,380,42,0.16455696202531644,similar,2,2,False
app-1810,179,9,1,0,0.9521276595744681,similar,10,10,False
app-967,176,23,0,0,0.8844221105527639,similar,8,7,False
app-385,2,44,83,87,0.015503875968992248,similar,2,2,False
app-1453,22,10,0,0,0.6875,similar,3,3,False
app-1618,105,5,2,2,0.9375,similar,17,17,False
app-1315,8,25,13,40,0.17391304347826086,similar,4,3,False
app-1325,408,6,0,0,0.9855072463768116,similar,8,8,False
app-979,50,45,113,152,0.2403846153846154,similar,2,2,False
app-789,6,23,3,3,0.1875,similar,2,2,False
app-97,6,28,19,21,0.11320754716981132,similar,2,9,True
app-1755,94,5,0,2,0.9494949494949495,similar,42,28,True
app-1136,55,8,0,0,0.873015873015873,similar,4,4,False
app-806,7,6,3,2,0.4666666666666667,similar,2,2,False
app-1300,1,27,90,94,0.00847457627118644,similar,4,4,False
app-1414,153,10,0,0,0.9386503067484663,similar,7,7,False
app-1730,37,60,0,0,0.38144329896907214,similar,6,6,False
app-603,449,27,0,0,0.9432773109243697,similar,9,9,False
app-1471,371,39,16,15,0.8729411764705882,similar,10,10,False
app-673,57,55,13,741,0.456,similar,2,2,False
app-626,355,60,2,23,0.8513189448441247,similar,4,4,False
app-1366,166,25,319,380,0.3254901960784314,similar,5,5,False
app-1129,0,5,710,133,0.0,similar,6,6,False
app-560,1283,140,12,6,0.8978306508047585,similar,16,16,False
app-72,33,4,0,0,0.8918918918918919,identical,9,9,False
app-942,2,17,1,0,0.10526315789473684,similar,16,16,False
app-94,86,2,2,2,0.9555555555555556,identical,4,4,False
app-1220,29,210,1024,1128,0.022961203483768806,similar,11,11,False
app-1036,261,5,0,0,0.981203007518797,similar,35,35,True
app-835,278,8,4,4,0.9586206896551724,similar,25,25,True
app-1654,222,116,3,3,0.6510263929618768,similar,6,6,False
app-1722,71,21,0,3,0.7717391304347826,similar,2,2,False
app-313,55,41,2,2,0.5612244897959183,similar,3,3,False
app-1768,2,48,77,25,0.02666666666666667,similar,4,4,False
app-939,27,6,0,0,0.8181818181818182,similar,3,3,False
app-1116,66,9,2,2,0.8571428571428571,similar,1,1,False
app-1423,63,47,103,187,0.29577464788732394,similar,5,5,False
app-1708,51,9,1,0,0.85,similar,6,6,False
app-1117,56,15,11,10,0.691358024691358,similar,7,7,False
app-869,629,5,0,0,0.9921135646687698,similar,26,26,True
app-85,70,16,5,2,0.7954545454545454,similar,6,22,True
app-1517,41,87,0,0,0.3203125,similar,7,7,False
app-1071,28,15,0,0,0.6511627906976745,similar,16,16,False
app-67,3,14,229,125,0.02112676056338028,similar,17,20,True
app-719,17,9,2,3,0.6071428571428571,similar,16,16,False
app-7,61,4,2,2,0.9104477611940298,identical,5,5,False
app-342,109,5,2,2,0.9396551724137931,similar,20,20,True
app-1622,538,112,25,54,0.797037037037037,similar,13,13,True
app-400,23,24,0,0,0.48936170212765956,similar,2,2,False
app-1345,33,36,10,13,0.4177215189873418,similar,4,4,False
app-1673,6,31,18,63,0.10909090909090909,similar,7,8,False
app-1412,180,5,0,0,0.972972972972973,similar,13,13,False
app-1543,72,60,158,6,0.5217391304347826,similar,2,2,False
app-776,3,37,210,44,0.03571428571428571,similar,3,3,False
app-202,46,11,1,1,0.7931034482758621,similar,14,14,False
app-613,221,7,0,0,0.9692982456140351,similar,13,13,True
app-767,44,20,0,0,0.6875,similar,5,5,False
app-77,28,27,25,2,0.49122807017543857,similar,6,20,True
app-1714,15,32,0,0,0.3191489361702128,similar,2,2,False
app-1377,27,22,0,0,0.5510204081632653,similar,3,5,False
app-1689,4,26,3,2,0.125,similar,10,9,False
app-1716,14,15,0,0,0.4827586206896552,similar,5,5,False
app-1070,57,5,0,0,0.9193548387096774,similar,9,9,False
app-941,337,104,363,62,0.6699801192842942,similar,7,7,False
app-1079,177,5,1,2,0.9672131147540983,similar,8,8,False
app-1532,856,102,1,1,0.8925964546402503,similar,6,6,False
app-89,1,9,0,0,0.1,similar,3,3,False
app-1104,107,8,0,0,0.9304347826086956,similar,7,7,False
app-610,77,46,8,84,0.5877862595419847,similar,7,7,False
app-1793,77,35,1,62,0.6814159292035398,similar,1,1,False
app-1729,9,27,5,4,0.225,similar,8,8,False
app-1436,189,164,2,3,0.532394366197183,similar,12,12,False
app-1867,4,20,4,6,0.14285714285714285,similar,4,4,False
app-28,74,6,0,1,0.925,similar,4,7,False
app-1230,2,93,5,2,0.020618556701030927,similar,4,4,False
app-1620,206,5,2,2,0.9671361502347418,similar,15,15,False
app-294,79,29,91,114,0.3969849246231156,similar,2,2,False
app-1686,260,7,0,0,0.9737827715355806,similar,9,9,False
app-1293,8,17,318,3,0.2857142857142857,similar,5,4,False
app-1608,46,7,0,0,0.8679245283018868,similar,6,6,False
app-1554,33,14,0,0,0.7021276595744681,similar,2,2,False
app-1707,847,172,17,7,0.8255360623781677,similar,12,25,True
app-1495,2,31,21,63,0.037037037037037035,similar,4,4,False
app-12,714,45,3,4,0.937007874015748,similar,2,8,True
app-1515,28,44,5,0,0.3888888888888889,similar,3,3,False
app-1597,25,10,1,1,0.6944444444444444,similar,5,5,False
app-1337,355,6,20,0,0.9833795013850416,similar,7,7,False
app-1477,5,30,4,398,0.1282051282051282,similar,2,2,False
app-1113,989,90,603,51,0.8752212389380531,similar,4,4,False
app-1145,48,35,74,23,0.4528301886792453,similar,8,8,False
app-221,843,11,0,0,0.9871194379391101,similar,3,3,False
app-64,18,6,0,0,0.75,similar,3,12,True
app-938,182,33,2,2,0.8387096774193549,similar,11,11,False
app-804,2,13,1502,13,0.07142857142857142,similar,2,2,False
app-1639,588,9,0,0,0.9849246231155779,similar,28,28,True
app-1410,514,54,571,0,0.9049295774647887,similar,2,2,False
app-865,410,9,1,0,0.9785202863961814,similar,10,10,False
app-1496,27,13,1,0,0.675,similar,2,2,False
app-1819,252,48,12,0,0.84,similar,2,2,False
